,Date,Close,Treasury Spread,10-Year Treasury Yield
0,2017-05-30,59.279999,0.93,2.21
1,2017-05-31,59.389999,0.93,2.21
2,2017-06-01,60.299999,0.93,2.21
3,2017-06-02,59.669998,0.87,2.15
4,2017-06-05,59.52,0.86,2.18
5,2017-06-06,58.529999,0.84,2.14
6,2017-06-07,59.380001,0.86,2.18
7,2017-06-08,59.110001,0.86,2.19
8,2017-06-09,58.130001,0.86,2.21
9,2017-06-12,57.119999,0.86,2.21
10,2017-06-13,57.849998,0.83,2.21
11,2017-06-14,57.48,0.80,2.15
12,2017-06-15,56.549999,0.81,2.16
13,2017-06-16,55.650002,0.84,2.16
14,2017-06-19,55.790001,0.83,2.19
15,2017-06-20,54.93,0.80,2.16
16,2017-06-21,55.169998,0.80,2.16
17,2017-06-22,55.220001,0.81,2.15
18,2017-06-23,55.18,0.81,2.15
19,2017-06-26,56.290001,0.78,2.14
20,2017-06-27,56.18,0.83,2.21
21,2017-06-28,56.77,0.88,2.22
22,2017-06-29,57.259998,0.89,2.27
23,2017-06-30,57.330002,0.93,2.31
24,2017-07-03,59.220001,0.94,2.35
25,2017-07-05,58.150002,0.92,2.33
26,2017-07-06,57.419998,0.97,2.37
27,2017-07-07,57.869999,0.99,2.39
28,2017-07-10,54.23,0.98,2.38
29,2017-07-11,53.689999,1.00,2.37
30,2017-07-12,53.299999,0.98,2.33
31,2017-07-13,54.66,0.98,2.35
32,2017-07-14,55.259998,0.98,2.33
33,2017-07-17,56.0,0.95,2.31
34,2017-07-18,55.790001,0.91,2.27
35,2017-07-19,56.169998,0.90,2.27
36,2017-07-20,53.959999,0.90,2.27
37,2017-07-21,54.139999,0.88,2.24
38,2017-07-24,54.799999,0.89,2.26
39,2017-07-25,55.32,0.93,2.33
40,2017-07-26,55.57,0.93,2.29
41,2017-07-27,57.049999,0.96,2.32
42,2017-07-28,57.639999,0.96,2.30
43,2017-07-31,58.34,0.96,2.30
44,2017-08-01,59.48,0.92,2.26
45,2017-08-02,59.380001,0.91,2.27
46,2017-08-03,59.689999,0.9,2.24
47,2017-08-04,60.279999,0.91,2.27
48,2017-08-07,61.759998,0.9,2.26
49,2017-08-08,61.48,0.93,2.29
50,2017-08-09,61.07,0.91,2.24
51,2017-08-10,59.779999,0.87,2.20
52,2017-08-11,60.07,0.89,2.19
53,2017-08-14,60.709999,0.89,2.22
54,2017-08-15,58.970001,0.92,2.27
55,2017-08-16,60.669998,0.9,2.23
56,2017-08-17,60.150002,0.87,2.19
57,2017-08-18,59.470001,0.86,2.19
58,2017-08-21,60.450001,0.86,2.18
59,2017-08-22,61.790001,0.89,2.22
60,2017-08-23,62.099998,0.85,2.17
61,2017-08-24,61.799999,0.86,2.19
62,2017-08-25,61.869999,0.82,2.17
63,2017-08-28,62.470001,0.83,2.16
64,2017-08-29,55.02,0.8,2.13
65,2017-08-30,54.189999,0.82,2.15
66,2017-08-31,54.259998,0.79,2.12
67,2017-09-01,54.48,0.81,2.16
68,2017-09-05,55.259998,0.77,2.07
69,2017-09-06,55.66,0.8,2.10
70,2017-09-07,56.009998,0.78,2.05
71,2017-09-08,55.5,0.79,2.06
72,2017-09-11,55.959999,0.82,2.14
73,2017-09-12,56.790001,0.84,2.17
74,2017-09-13,58.599998,0.85,2.20
75,2017-09-14,58.380001,0.83,2.20
76,2017-09-15,58.610001,0.81,2.20
77,2017-09-18,57.349998,0.83,2.23
78,2017-09-19,52.759998,0.84,2.24
79,2017-09-20,52.59,0.83,2.28
80,2017-09-21,53.950001,0.82,2.27
81,2017-09-22,53.900002,0.8,2.26
82,2017-09-25,54.169998,0.78,2.22
83,2017-09-26,54.639999,0.79,2.24
84,2017-09-27,56.669998,0.84,2.31
85,2017-09-28,56.830002,0.86,2.31
86,2017-09-29,56.959999,0.86,2.33
87,2017-10-02,57.419998,0.85,2.34
88,2017-10-03,56.91,0.86,2.33
89,2017-10-04,57.150002,0.86,2.33
90,2017-10-05,57.490002,0.86,2.35
91,2017-10-06,58.759998,0.83,2.37
92,2017-10-09,59.040001,.,.
93,2017-10-10,57.169998,0.84,2.35
94,2017-10-11,55.470001,0.84,2.35
95,2017-10-12,55.130001,0.82,2.33
96,2017-10-13,55.099998,0.77,2.28
97,2017-10-16,54.91,0.76,2.30
98,2017-10-17,54.650002,0.76,2.30
99,2017-10-18,55.459999,0.75,2.34
100,2017-10-19,55.459999,0.75,2.33
101,2017-10-20,55.830002,0.79,2.39
102,2017-10-23,56.02,0.8,2.38
103,2017-10-24,56.650002,0.82,2.42
104,2017-10-25,55.169998,0.83,2.44
105,2017-10-26,55.950001,0.83,2.46
106,2017-10-27,55.200001,0.83,2.42
107,2017-10-30,55.380001,0.79,2.37
108,2017-10-31,55.98,0.78,2.38
109,2017-11-01,56.009998,0.76,2.37
110,2017-11-02,57.34,0.74,2.35
111,2017-11-03,56.919998,0.71,2.34
112,2017-11-06,56.389999,0.71,2.32
113,2017-11-07,55.130001,0.69,2.32
114,2017-11-08,56.549999,0.67,2.32
115,2017-11-09,55.93,0.7,2.33
116,2017-11-10,56.68,0.73,2.40
117,2017-11-13,56.970001,0.7,2.40
118,2017-11-14,57.200001,0.7,2.38
119,2017-11-15,57.299999,0.65,2.33
120,2017-11-16,55.25,0.65,2.37
121,2017-11-17,55.830002,0.62,2.35
122,2017-11-20,56.349998,0.6,2.37
123,2017-11-21,56.060001,0.59,2.36
124,2017-11-22,56.490002,0.58,2.32
125,2017-11-24,57.0,0.59,2.34
126,2017-11-27,57.02,0.58,2.32
127,2017-11-28,58.049999,0.59,2.34
128,2017-11-29,58.830002,0.59,2.37
129,2017-11-30,59.610001,0.64,2.42
130,2017-12-01,60.349998,0.59,2.37
131,2017-12-04,62.549999,0.57,2.37
132,2017-12-05,61.98,0.53,2.36
133,2017-12-06,60.970001,0.55,2.33
134,2017-12-07,61.490002,0.57,2.37
135,2017-12-08,63.790001,0.58,2.38
136,2017-12-11,63.619999,0.57,2.39
137,2017-12-12,63.52,0.57,2.40
138,2017-12-13,64.389999,0.57,2.36
139,2017-12-14,63.75,0.53,2.35
140,2017-12-15,65.32,0.51,2.35
141,2017-12-18,67.010002,0.55,2.39
142,2017-12-19,65.800003,0.59,2.46
143,2017-12-20,66.730003,0.62,2.49
144,2017-12-21,67.080002,0.59,2.48
145,2017-12-22,67.110001,0.57,2.48
146,2017-12-26,68.019997,0.55,2.47
147,2017-12-27,68.360001,0.53,2.42
148,2017-12-28,68.419998,0.52,2.43
149,2017-12-29,68.470001,0.51,2.40
150,2018-01-02,69.160004,0.54,2.46
151,2018-01-03,68.400002,0.5,2.44
152,2018-01-04,67.279999,0.5,2.46
153,2018-01-05,68.870003,0.51,2.47
154,2018-01-08,69.690002,0.53,2.49
155,2018-01-09,69.779999,0.57,2.55
156,2018-01-10,70.339996,0.57,2.55
157,2018-01-11,71.709999,0.56,2.54
158,2018-01-12,73.25,0.56,2.55
159,2018-01-16,72.400002,0.51,2.54
160,2018-01-17,74.260002,0.52,2.57
161,2018-01-18,74.690002,0.57,2.62
162,2018-01-19,76.860001,0.58,2.64
163,2018-01-22,78.059998,0.58,2.66
164,2018-01-23,77.519997,0.57,2.63
165,2018-01-24,76.790001,0.57,2.65
166,2018-01-25,76.269997,0.55,2.63
167,2018-01-26,77.849998,0.53,2.66
168,2018-01-29,76.589996,0.59,2.70
169,2018-01-30,76.290001,0.6,2.73
170,2018-01-31,73.059998,0.58,2.72
171,2018-02-01,73.099998,0.62,2.78
172,2018-02-02,71.239998,0.69,2.84
173,2018-02-05,68.019997,0.69,2.77
174,2018-02-06,70.300003,0.69,2.79
175,2018-02-07,71.260002,0.69,2.84
176,2018-02-08,68.790001,0.72,2.85
177,2018-02-09,70.760002,0.78,2.83
178,2018-02-12,70.349998,0.77,2.86
179,2018-02-13,70.099998,0.73,2.83
180,2018-02-14,72.519997,0.74,2.91
181,2018-02-15,73.32,0.71,2.90
182,2018-02-16,73.18,0.66,2.87
183,2018-02-20,71.919998,0.63,2.88
184,2018-02-21,70.790001,0.68,2.94
185,2018-02-22,71.290001,0.67,2.92
186,2018-02-23,73.169998,0.63,2.88
187,2018-02-26,72.57,0.64,2.86
188,2018-02-27,71.489998,0.63,2.90
189,2018-02-28,72.440002,0.62,2.87
190,2018-03-01,75.300003,0.59,2.81
191,2018-03-02,73.040001,0.61,2.86
192,2018-03-05,75.059998,0.64,2.88
193,2018-03-06,76.769997,0.63,2.88
194,2018-03-07,73.639999,0.64,2.89
195,2018-03-08,73.25,0.61,2.86
196,2018-03-09,73.82,0.63,2.90
197,2018-03-12,72.050003,0.6,2.87
198,2018-03-13,71.519997,0.58,2.84
199,2018-03-14,69.900002,0.55,2.81
200,2018-03-15,68.989998,0.53,2.82
201,2018-03-16,69.730003,0.54,2.85
202,2018-03-19,68.529999,0.54,2.85
203,2018-03-20,70.040001,0.55,2.89
204,2018-03-21,68.440002,0.58,2.89
205,2018-03-22,67.25,0.54,2.83
206,2018-03-23,66.68,0.54,2.82
207,2018-03-26,69.510002,0.52,2.85
208,2018-03-27,67.739998,0.52,2.78
209,2018-03-28,68.559998,0.49,2.77
210,2018-03-29,69.989998,0.47,2.74
211,2018-04-02,68.919998,0.48,2.73
212,2018-04-03,70.339996,0.51,2.79
213,2018-04-04,72.860001,0.51,2.79
214,2018-04-05,72.120003,0.53,2.83
215,2018-04-06,70.489998,0.5,2.77
216,2018-04-09,69.82,0.49,2.78
217,2018-04-10,71.720001,0.48,2.80
218,2018-04-11,70.910004,0.47,2.79
219,2018-04-12,71.300003,0.49,2.83
220,2018-04-13,71.129997,0.45,2.82
221,2018-04-16,71.910004,0.44,2.83
222,2018-04-17,72.75,0.41,2.82
223,2018-04-18,75.400002,0.45,2.87
224,2018-04-19,73.339996,0.48,2.92
225,2018-04-20,72.300003,0.5,2.96
226,2018-04-23,73.5,0.49,2.98
227,2018-04-24,73.169998,0.52,3.00
228,2018-04-25,74.379997,0.54,3.03
229,2018-04-26,75.620003,0.51,3.00
230,2018-04-27,77.040001,0.47,2.96
231,2018-04-30,76.529999,0.46,2.95
232,2018-05-01,75.379997,0.47,2.97
233,2018-05-02,75.870003,0.48,2.97
234,2018-05-03,75.010002,0.45,2.94
235,2018-05-04,76.220001,0.44,2.95
236,2018-05-07,75.5,0.46,2.95
237,2018-05-08,75.629997,0.46,2.97
238,2018-05-09,76.220001,0.46,3.00
239,2018-05-10,76.830002,0.43,2.97
240,2018-05-11,77.779999,0.43,2.97
241,2018-05-14,78.25,0.45,3.00
242,2018-05-15,78.599998,0.5,3.08
243,2018-05-16,78.510002,0.51,3.09
244,2018-05-17,78.779999,0.54,3.11
245,2018-05-18,78.25,0.51,3.06
246,2018-05-21,78.300003,0.48,3.06
247,2018-05-22,75.470001,0.47,3.06
248,2018-05-23,75.949997,0.48,3.01
249,2018-05-24,70.900002,0.48,2.98
250,2018-05-25,68.449997,0.45,2.93
251,2018-05-29,68.18,0.45,2.77
252,2018-05-30,69.599998,0.42,2.84
253,2018-05-31,68.25,0.43,2.83
254,2018-06-01,68.849998,0.42,2.89
255,2018-06-04,69.860001,0.42,2.94
256,2018-06-05,71.760002,0.43,2.92
257,2018-06-06,71.559998,0.45,2.97
258,2018-06-07,71.660004,0.43,2.93
259,2018-06-08,72.309998,0.43,2.93
260,2018-06-11,73.639999,0.44,2.96
261,2018-06-12,74.050003,0.42,2.96
262,2018-06-13,73.260002,0.39,2.98
263,2018-06-14,73.32,0.35,2.94
264,2018-06-15,74.809998,0.38,2.93
265,2018-06-18,77.059998,0.36,2.92
266,2018-06-19,76.410004,0.35,2.89
267,2018-06-20,75.860001,0.37,2.93
268,2018-06-21,77.230003,0.34,2.90
269,2018-06-22,76.260002,0.34,2.90
270,2018-06-25,75.110001,0.33,2.87
271,2018-06-26,76.519997,0.35,2.88
272,2018-06-27,74.080002,0.31,2.83
273,2018-06-28,74.989998,0.32,2.84
274,2018-06-29,74.580002,0.33,2.85
275,2018-07-02,74.349998,0.3,2.87
276,2018-07-03,73.629997,0.3,2.83
277,2018-07-05,73.739998,0.29,2.84
278,2018-07-06,74.279999,0.29,2.82
279,2018-07-09,75.209999,0.29,2.86
280,2018-07-10,75.709999,0.28,2.87
281,2018-07-11,74.279999,0.27,2.85
282,2018-07-12,74.690002,0.25,2.85
283,2018-07-13,75.879997,0.24,2.83
284,2018-07-16,75.480003,0.26,2.85
285,2018-07-17,76.559998,0.24,2.86
286,2018-07-18,76.349998,0.28,2.88
287,2018-07-19,77.980003,0.24,2.84
288,2018-07-20,76.110001,0.29,2.89
289,2018-07-23,76.400002,0.32,2.96
290,2018-07-24,75.25,0.32,2.95
291,2018-07-25,75.32,0.28,2.94
292,2018-07-26,76.010002,0.29,2.98
293,2018-07-27,74.68,0.29,2.96
294,2018-07-30,74.440002,0.32,2.98
295,2018-07-31,75.029999,0.29,2.96
296,2018-08-01,74.879997,0.33,3.00
297,2018-08-02,75.919998,0.32,2.98
298,2018-08-03,76.080002,0.32,2.95
299,2018-08-06,76.419998,0.3,2.94
300,2018-08-07,77.290001,0.3,2.98
301,2018-08-08,77.290001,0.28,2.96
302,2018-08-09,78.68,0.29,2.93
303,2018-08-10,78.709999,0.26,2.87
304,2018-08-13,77.07,0.27,2.88
305,2018-08-14,78.529999,0.26,2.89
306,2018-08-15,76.379997,0.25,2.86
307,2018-08-16,76.910004,0.24,2.87
308,2018-08-17,78.480003,0.26,2.87
309,2018-08-20,79.379997,0.22,2.82
310,2018-08-21,81.43,0.24,2.85
311,2018-08-22,80.949997,0.22,2.82
312,2018-08-23,82.599998,0.21,2.82
313,2018-08-24,82.080002,0.19,2.82
314,2018-08-27,81.660004,0.18,2.85
315,2018-08-28,77.57,0.21,2.88
316,2018-08-29,77.629997,0.22,2.89
317,2018-08-30,78.010002,0.22,2.86
318,2018-08-31,79.559998,0.24,2.86
319,2018-09-04,80.68,0.24,2.90
320,2018-09-05,79.07,0.24,2.90
321,2018-09-06,79.230003,0.24,2.88
322,2018-09-07,78.190002,0.23,2.94
323,2018-09-10,77.309998,0.21,2.94
324,2018-09-11,77.57,0.22,2.98
325,2018-09-12,78.25,0.23,2.97
326,2018-09-13,78.559998,0.21,2.97
327,2018-09-14,78.389999,0.21,2.99
328,2018-09-17,77.040001,0.21,2.99
329,2018-09-18,77.699997,0.24,3.05
330,2018-09-19,77.739998,0.27,3.08
331,2018-09-20,79.559998,0.26,3.07
332,2018-09-21,80.639999,0.26,3.07
333,2018-09-24,79.419998,0.25,3.08
334,2018-09-25,77.860001,0.27,3.10
335,2018-09-26,79.629997,0.23,3.06
336,2018-09-27,78.260002,0.23,3.06
337,2018-09-28,79.360001,0.24,3.05
338,2018-10-01,79.010002,0.27,3.09
339,2018-10-02,75.199997,0.23,3.05
340,2018-10-03,75.010002,0.3,3.15
341,2018-10-04,73.150002,0.32,3.19
342,2018-10-05,72.550003,0.35,3.23
343,2018-10-08,71.379997,.,.
344,2018-10-09,71.339996,0.33,3.21
345,2018-10-10,70.779999,0.34,3.22
346,2018-10-11,70.75,0.29,3.14
347,2018-10-12,72.449997,0.3,3.15
348,2018-10-15,72.989998,0.31,3.16
349,2018-10-16,74.809998,0.29,3.16
350,2018-10-17,73.830002,0.3,3.19
351,2018-10-18,72.650002,0.3,3.17
352,2018-10-19,70.790001,0.28,3.20
353,2018-10-22,72.190002,0.28,3.20
354,2018-10-23,71.669998,0.28,3.17
355,2018-10-24,68.949997,0.26,3.10
356,2018-10-25,69.169998,0.28,3.14
357,2018-10-26,68.449997,0.27,3.08
358,2018-10-29,67.980003,0.27,3.08
359,2018-10-30,70.510002,0.28,3.12
360,2018-10-31,70.160004,0.28,3.15
361,2018-11-01,73.080002,0.3,3.14
362,2018-11-02,71.889999,0.31,3.22
363,2018-11-05,71.099998,0.29,3.20
364,2018-11-06,71.68,0.29,3.22
365,2018-11-07,72.809998,0.26,3.22
366,2018-11-08,73.230003,0.26,3.24
367,2018-11-09,67.790001,0.25,3.19
368,2018-11-12,67.150002,.,.
369,2018-11-13,67.050003,0.25,3.14
370,2018-11-14,66.550003,0.26,3.12
371,2018-11-15,67.779999,0.25,3.11
372,2018-11-16,66.43,0.27,3.08
373,2018-11-19,62.200001,0.27,3.06
374,2018-11-20,63.529999,0.27,3.06
375,2018-11-21,62.09,0.25,3.06
376,2018-11-23,62.549999,0.24,3.05
377,2018-11-26,64.339996,0.23,3.07
378,2018-11-27,64.68,0.23,3.06
379,2018-11-28,65.589996,0.25,3.06
380,2018-11-29,64.07,0.22,3.03
381,2018-11-30,64.589996,0.21,3.01
382,2018-12-03,66.989998,0.15,2.98
383,2018-12-04,62.259998,0.11,2.91
384,2018-12-06,62.279999,0.12,2.87
385,2018-12-07,60.580002,0.13,2.85
386,2018-12-10,58.66,0.13,2.85
387,2018-12-11,58.09,0.11,2.89
388,2018-12-12,58.98,0.14,2.91
389,2018-12-13,55.93,0.16,2.91
390,2018-12-14,55.369999,0.16,2.89
391,2018-12-17,52.23,0.16,2.86
392,2018-12-18,51.970001,0.17,2.82
393,2018-12-19,50.959999,0.14,2.77
394,2018-12-20,50.41,0.12,2.79
395,2018-12-21,48.860001,0.16,2.79
396,2018-12-24,48.240002,0.19,2.74
397,2018-12-26,51.57,0.2,2.81
398,2018-12-27,51.959999,0.21,2.77
399,2018-12-28,51.34,0.2,2.72
400,2018-12-31,52.959999,0.21,2.69
401,2019-01-02,53.599998,0.16,2.66
402,2019-01-03,52.5,0.17,2.56
403,2019-01-04,52.75,0.17,2.67
404,2019-01-07,55.759998,0.17,2.70
405,2019-01-08,57.400002,0.15,2.73
406,2019-01-09,57.830002,0.18,2.74
407,2019-01-10,56.869999,0.18,2.74
408,2019-01-11,56.509998,0.16,2.71
409,2019-01-14,57.279999,0.18,2.71
410,2019-01-15,56.669998,0.19,2.72
411,2019-01-16,56.330002,0.18,2.73
412,2019-01-17,57.82,0.19,2.75
413,2019-01-18,58.709999,0.17,2.79
414,2019-01-22,57.77,0.16,2.74
415,2019-01-23,57.310001,0.18,2.76
416,2019-01-24,57.599998,0.16,2.72
417,2019-01-25,59.34,0.16,2.76
418,2019-01-28,59.5,0.15,2.75
419,2019-01-29,58.779999,0.16,2.72
420,2019-01-30,58.98,0.18,2.70
421,2019-01-31,59.240002,0.18,2.63
422,2019-02-01,58.470001,0.18,2.70
423,2019-02-04,59.209999,0.2,2.73
424,2019-02-05,59.52,0.18,2.71
425,2019-02-06,59.459999,0.18,2.70
426,2019-02-07,58.860001,0.17,2.65
427,2019-02-08,58.950001,0.18,2.63
428,2019-02-11,58.450001,0.17,2.65
429,2019-02-12,59.860001,0.18,2.68
430,2019-02-13,59.490002,0.18,2.71
431,2019-02-14,59.57,0.16,2.66
432,2019-02-15,60.18,0.14,2.66
433,2019-02-19,60.34,0.15,2.65
434,2019-02-20,60.32,0.15,2.65
435,2019-02-21,59.77,0.16,2.69
436,2019-02-22,60.439999,0.17,2.65
437,2019-02-25,60.549999,0.16,2.67
438,2019-02-26,60.310001,0.16,2.64
439,2019-02-27,68.82,0.19,2.69
440,2019-02-28,68.839996,0.21,2.73
441,2019-03-01,67.809998,0.21,2.76
442,2019-03-04,67.059998,0.17,2.72
443,2019-03-05,66.809998,0.17,2.72
444,2019-03-06,67.290001,0.17,2.69
445,2019-03-07,67.639999,0.17,2.64
446,2019-03-08,67.370003,0.17,2.62
447,2019-03-11,68.720001,0.17,2.64
448,2019-03-12,68.830002,0.16,2.61
449,2019-03-13,68.349998,0.16,2.61
450,2019-03-14,68.849998,0.17,2.63
451,2019-03-15,69.629997,0.16,2.59
452,2019-03-18,70.239998,0.15,2.60
453,2019-03-19,69.889999,0.15,2.61
454,2019-03-20,69.110001,0.14,2.54
455,2019-03-21,70.559998,0.13,2.54
456,2019-03-22,70.110001,0.13,2.44
457,2019-03-25,70.889999,0.17,2.43
458,2019-03-26,70.5,0.17,2.41
459,2019-03-27,70.5,0.17,2.39
460,2019-03-28,71.099998,0.16,2.39
461,2019-03-29,71.059998,0.14,2.41
462,2019-04-01,72.089996,0.16,2.49
463,2019-04-02,71.449997,0.18,2.48
464,2019-04-03,72.540001,0.19,2.52
465,2019-04-04,74.57,0.18,2.51
466,2019-04-05,74.769997,0.15,2.50
467,2019-04-08,74.82,0.16,2.52
468,2019-04-09,74.75,0.16,2.51
469,2019-04-10,74.489998,0.17,2.48
470,2019-04-11,73.980003,0.16,2.51
471,2019-04-12,73.57,0.16,2.56
472,2019-04-15,73.239998,0.15,2.55
473,2019-04-16,73.160004,0.19,2.60
474,2019-04-17,73.400002,0.19,2.59
475,2019-04-18,73.639999,0.19,2.57
476,2019-04-22,72.599998,0.21,2.59
477,2019-04-23,73.620003,0.21,2.57
478,2019-04-24,74.690002,0.21,2.53
479,2019-04-25,73.790001,0.21,2.54
480,2019-04-26,72.800003,0.23,2.51
481,2019-04-29,73.389999,0.24,2.54
482,2019-04-30,74.410004,0.24,2.51
483,2019-05-01,73.830002,0.21,2.52
484,2019-05-02,75.18,0.2,2.55
485,2019-05-03,75.029999,0.21,2.54
486,2019-05-06,74.959999,0.2,2.51
487,2019-05-07,73.290001,0.17,2.45
488,2019-05-08,73.480003,0.19,2.49
489,2019-05-09,72.290001,0.19,2.45
490,2019-05-10,71.32,0.21,2.47
491,2019-05-13,67.099998,0.22,2.40
492,2019-05-14,67.620003,0.22,2.42
493,2019-05-15,67.860001,0.21,2.37
494,2019-05-16,68.739998,0.2,2.40
495,2019-05-17,68.93,0.19,2.39
496,2019-05-20,68.839996,0.2,2.41
497,2019-05-21,69.949997,0.17,2.43
498,2019-05-22,69.169998,0.16,2.39
499,2019-05-23,65.82,0.19,2.31
500,2019-05-24,65.940002,0.16,2.32
501,2019-05-28,65.400002,0.14,2.26
502,2019-05-29,64.540001,0.16,2.25
503,2019-05-30,65.010002,0.16,2.22
504,2019-05-31,62.669998,0.19,2.14
505,2019-06-03,63.220001,0.25,2.07
506,2019-06-04,63.939999,0.24,2.12
507,2019-06-05,63.220001,0.29,2.12
508,2019-06-06,62.299999,0.24,2.12
509,2019-06-07,63.720001,0.24,2.09
510,2019-06-10,65.190002,0.25,2.15
511,2019-06-11,65.519997,0.22,2.15
512,2019-06-12,64.449997,0.25,2.13
513,2019-06-13,65.839996,0.27,2.10
514,2019-06-14,66.029999,0.25,2.09
515,2019-06-17,66.629997,0.23,2.09
516,2019-06-18,68.650002,0.2,2.06
517,2019-06-19,67.620003,0.29,2.03
518,2019-06-20,68.389999,0.29,2.01
519,2019-06-21,67.540001,0.3,2.07
520,2019-06-24,67.470001,0.3,2.02
521,2019-06-25,66.389999,0.29,2.00
522,2019-06-26,68.139999,0.28,2.05
523,2019-06-27,68.470001,0.27,2.01
524,2019-06-28,69.730003,0.25,2.00
525,2019-07-01,72.43,0.25,2.03
526,2019-07-02,71.639999,0.21,1.98
527,2019-07-03,71.970001,0.19,1.96
528,2019-07-05,71.889999,0.17,2.04
529,2019-07-08,72.0,0.17,2.05
530,2019-07-09,71.860001,0.15,2.07
531,2019-07-10,71.93,0.25,2.07
532,2019-07-11,73.75,0.28,2.13
533,2019-07-12,74.769997,0.28,2.12
534,2019-07-15,75.5,0.26,2.09
535,2019-07-16,74.779999,0.26,2.13
536,2019-07-17,74.230003,0.23,2.06
537,2019-07-18,73.839996,0.27,2.04
538,2019-07-19,74.709999,0.25,2.05
539,2019-07-22,75.699997,0.25,2.05
540,2019-07-23,76.510002,0.25,2.08
541,2019-07-24,77.860001,0.22,2.05
542,2019-07-25,77.07,0.22,2.08
543,2019-07-26,77.75,0.22,2.08
544,2019-07-29,77.599998,0.21,2.06
545,2019-07-30,77.0,0.21,2.06
546,2019-07-31,76.529999,0.13,2.02
547,2019-08-01,68.269997,0.17,1.90
548,2019-08-02,68.529999,0.14,1.86
549,2019-08-05,66.139999,0.16,1.75
550,2019-08-06,67.699997,0.13,1.73
551,2019-08-07,67.709999,0.12,1.71
552,2019-08-08,68.910004,0.1,1.72
553,2019-08-09,67.360001,0.11,1.74
554,2019-08-12,66.959999,0.07,1.65
555,2019-08-13,71.290001,0.02,1.68
556,2019-08-14,66.970001,0.01,1.59
557,2019-08-15,63.93,0.04,1.52
558,2019-08-16,65.480003,0.07,1.55
559,2019-08-19,66.260002,0.07,1.60
560,2019-08-20,66.040001,0.05,1.55
561,2019-08-21,67.860001,0.03,1.59
562,2019-08-22,68.800003,0.01,1.62
563,2019-08-23,66.209999,0.01,1.52
564,2019-08-26,67.650002,0.0,1.54
565,2019-08-27,67.82,-0.04,1.49
566,2019-08-28,69.0,-0.03,1.47
567,2019-08-29,63.490002,-0.03,1.50
568,2019-08-30,63.650002,0.0,1.50
569,2019-09-03,63.209999,0.0,1.47
570,2019-09-04,63.93,0.04,1.47
571,2019-09-05,65.760002,0.02,1.57
572,2019-09-06,66.349998,0.02,1.55
573,2019-09-09,69.220001,0.05,1.63
574,2019-09-10,69.019997,0.05,1.72
575,2019-09-11,67.839996,0.07,1.75
576,2019-09-12,67.860001,0.07,1.79
577,2019-09-13,67.540001,0.11,1.90
578,2019-09-16,68.910004,0.1,1.84
579,2019-09-17,68.419998,0.09,1.81
580,2019-09-18,67.150002,0.03,1.80
581,2019-09-19,67.589996,0.05,1.79
582,2019-09-20,66.769997,0.05,1.74
583,2019-09-23,67.410004,0.04,1.72
584,2019-09-24,67.709999,0.04,1.64
585,2019-09-25,67.43,0.05,1.73
586,2019-09-26,66.959999,0.04,1.70
587,2019-09-27,68.269997,0.06,1.69
588,2019-09-30,68.989998,0.05,1.68
589,2019-10-01,68.010002,0.09,1.65
590,2019-10-02,65.019997,0.12,1.60
591,2019-10-03,65.660004,0.15,1.54
592,2019-10-04,66.889999,0.12,1.52
593,2019-10-07,66.82,0.1,1.56
594,2019-10-08,65.279999,0.12,1.54
595,2019-10-09,65.699997,0.12,1.59
596,2019-10-10,66.730003,0.14,1.67
597,2019-10-11,69.529999,0.13,1.76
598,2019-10-14,68.720001,.,.
599,2019-10-15,67.940002,0.16,1.77
600,2019-10-16,68.410004,0.17,1.75
601,2019-10-17,69.879997,0.16,1.76
602,2019-10-18,70.519997,0.18,1.76
603,2019-10-21,71.470001,0.18,1.80
604,2019-10-22,72.400002,0.18,1.78
605,2019-10-23,72.07,0.19,1.77
606,2019-10-24,72.120003,0.19,1.77
607,2019-10-25,73.150002,0.17,1.80
608,2019-10-28,74.370003,0.21,1.85
609,2019-10-29,73.900002,0.2,1.84
610,2019-10-30,72.699997,0.17,1.78
611,2019-10-31,71.830002,0.17,1.69
612,2019-11-01,72.919998,0.17,1.73
613,2019-11-04,74.809998,0.19,1.79
614,2019-11-05,74.839996,0.23,1.86
615,2019-11-06,75.050003,0.2,1.81
616,2019-11-07,76.010002,0.24,1.92
617,2019-11-08,76.849998,0.26,1.94
618,2019-11-11,76.25,.,.
619,2019-11-12,75.190002,0.26,1.92
620,2019-11-13,75.019997,0.25,1.88
621,2019-11-14,75.599998,0.24,1.82
622,2019-11-15,77.089996,0.23,1.84
623,2019-11-18,77.290001,0.21,1.81
624,2019-11-19,75.360001,0.19,1.79
625,2019-11-20,74.150002,0.17,1.73
626,2019-11-21,72.209999,0.17,1.77
627,2019-11-22,72.639999,0.16,1.77
628,2019-11-25,74.25,0.15,1.76
629,2019-11-26,81.57,0.16,1.74
630,2019-11-27,80.739998,0.14,1.77
631,2019-11-29,80.639999,0.17,1.78
632,2019-12-02,79.199997,0.22,1.83
633,2019-12-03,78.110001,0.19,1.72
634,2019-12-04,79.18,0.19,1.77
635,2019-12-05,80.32,0.22,1.80
636,2019-12-06,82.050003,0.23,1.84
637,2019-12-09,82.57,0.2,1.83
638,2019-12-10,82.879997,0.2,1.85
639,2019-12-11,83.830002,0.18,1.79
640,2019-12-12,85.349998,0.24,1.90
641,2019-12-13,84.790001,0.21,1.82
642,2019-12-16,85.790001,0.24,1.89
643,2019-12-17,86.360001,0.26,1.89
644,2019-12-18,87.010002,0.29,1.92
645,2019-12-19,88.639999,0.3,1.92
646,2019-12-20,87.730003,0.29,1.92
647,2019-12-23,87.639999,0.29,1.93
648,2019-12-24,87.93,0.28,1.90
649,2019-12-26,87.849998,0.26,1.90
650,2019-12-27,87.010002,0.29,1.88
651,2019-12-30,87.57,0.32,1.90
652,2019-12-31,87.800003,0.34,1.92
653,2020-01-02,87.309998,0.3,1.88
654,2020-01-03,87.18,0.27,1.80
655,2020-01-06,87.910004,0.27,1.81
656,2020-01-07,88.410004,0.29,1.83
657,2020-01-08,88.650002,0.29,1.87
658,2020-01-09,89.370003,0.27,1.85
659,2020-01-10,90.650002,0.27,1.83
660,2020-01-13,91.260002,0.27,1.85
661,2020-01-14,90.470001,0.24,1.82
662,2020-01-15,88.919998,0.23,1.79
663,2020-01-16,88.949997,0.23,1.81
664,2020-01-17,89.940002,0.26,1.84
665,2020-01-21,90.239998,0.25,1.78
666,2020-01-22,89.269997,0.24,1.77
667,2020-01-23,89.82,0.23,1.74
668,2020-01-24,89.440002,0.21,1.70
669,2020-01-27,87.800003,0.17,1.61
670,2020-01-28,88.889999,0.2,1.65
671,2020-01-29,88.120003,0.18,1.60
672,2020-01-30,87.099998,0.16,1.57
673,2020-01-31,84.690002,0.18,1.51
674,2020-02-03,85.260002,0.18,1.54
675,2020-02-04,86.690002,0.2,1.61
676,2020-02-05,89.5,0.22,1.66
677,2020-02-06,88.639999,0.21,1.65
678,2020-02-07,87.019997,0.18,1.59
679,2020-02-10,88.699997,0.19,1.56
680,2020-02-11,89.889999,0.18,1.59
681,2020-02-12,90.93,0.18,1.62
682,2020-02-13,90.400002,0.17,1.61
683,2020-02-14,90.209999,0.17,1.59
684,2020-02-18,90.160004,0.14,1.55
685,2020-02-19,90.940002,0.14,1.56
686,2020-02-20,91.93,0.13,1.52
687,2020-02-21,90.260002,0.12,1.46
688,2020-02-24,85.5,0.12,1.38
689,2020-02-25,81.889999,0.13,1.33
690,2020-02-26,82.18,0.17,1.33
691,2020-02-27,78.309998,0.19,1.30
692,2020-02-28,75.650002,0.27,1.13
693,2020-03-02,79.610001,0.26,1.10
694,2020-03-03,76.550003,0.31,1.02
695,2020-03-04,80.410004,0.35,1.02
696,2020-03-05,77.870003,0.33,0.92
697,2020-03-06,73.82,0.25,0.74
698,2020-03-09,66.870003,0.16,0.54
699,2020-03-10,70.120003,0.26,0.76
700,2020-03-11,65.370003,0.32,0.82
701,2020-03-12,55.400002,0.38,0.88
702,2020-03-13,61.060001,0.45,0.94
703,2020-03-16,57.299999,0.37,0.73
704,2020-03-17,60.32,0.55,1.02
705,2020-03-18,54.0,0.64,1.18
706,2020-03-19,54.75,0.68,1.12
707,2020-03-20,51.650002,0.55,0.92
708,2020-03-23,50.689999,0.48,0.76
709,2020-03-24,59.200001,0.46,0.84
710,2020-03-25,60.560001,0.54,0.88
711,2020-03-26,62.880001,0.53,0.83
712,2020-03-27,62.470001,0.47,0.72
713,2020-03-30,59.75,0.47,0.70
714,2020-03-31,57.0,0.47,0.70
715,2020-04-01,53.900002,0.39,0.62
716,2020-04-02,52.759998,0.4,0.63
717,2020-04-03,53.48,0.39,0.62
718,2020-04-06,60.150002,0.4,0.67
719,2020-04-07,61.75,0.47,0.75
720,2020-04-08,64.449997,0.5,0.77
721,2020-04-09,65.989998,0.5,0.73
722,2020-04-13,68.339996,0.51,0.76
723,2020-04-14,69.849998,0.53,0.76
724,2020-04-15,64.760002,0.43,0.63
725,2020-04-16,64.980003,0.41,0.61
726,2020-04-17,70.400002,0.45,0.65
727,2020-04-20,69.790001,0.43,0.63
728,2020-04-21,67.800003,0.38,0.58
729,2020-04-22,68.980003,0.41,0.63
730,2020-04-23,69.599998,0.39,0.61
731,2020-04-24,71.879997,0.38,0.60
732,2020-04-27,74.57,0.43,0.67
733,2020-04-28,77.589996,0.42,0.62
734,2020-04-29,80.050003,0.43,0.63
735,2020-04-30,76.730003,0.44,0.64
736,2020-05-01,72.260002,0.44,0.64
737,2020-05-04,74.360001,0.45,0.64
738,2020-05-05,74.75,0.47,0.66
739,2020-05-06,73.989998,0.55,0.72
740,2020-05-07,76.25,0.5,0.63
741,2020-05-08,78.629997,0.53,0.69
742,2020-05-11,78.019997,0.56,0.73
743,2020-05-12,77.050003,0.52,0.69
744,2020-05-13,75.029999,0.48,0.64
745,2020-05-14,77.190002,0.47,0.63
746,2020-05-15,78.610001,0.48,0.64
747,2020-05-18,87.160004,0.55,0.73
748,2020-05-19,83.480003,0.53,0.70
749,2020-05-20,81.540001,0.52,0.68
750,2020-05-21,77.980003,0.51,0.68
751,2020-05-22,76.919998,0.49,0.66
752,2020-05-26,79.470001,0.51,0.69
753,2020-05-27,79.080002,0.49,0.68
754,2020-05-28,76.43,0.53,0.70
755,2020-05-29,78.089996,0.49,0.65
756,2020-06-01,77.5,0.52,0.66
757,2020-06-02,80.529999,0.51,0.68
758,2020-06-03,82.220001,0.58,0.77
759,2020-06-04,79.919998,0.63,0.82
760,2020-06-05,82.529999,0.69,0.91
761,2020-06-08,83.68,0.66,0.88
762,2020-06-09,81.620003,0.64,0.84
763,2020-06-10,81.699997,0.58,0.75
764,2020-06-11,77.25,0.47,0.66
765,2020-06-12,77.760002,0.52,0.71
766,2020-06-15,80.010002,0.52,0.71
767,2020-06-16,83.470001,0.54,0.75
768,2020-06-17,83.239998,0.55,0.74
769,2020-06-18,82.300003,0.52,0.71
770,2020-06-19,81.199997,0.51,0.70
771,2020-06-22,84.779999,0.52,0.71
772,2020-06-23,85.839996,0.54,0.72
773,2020-06-24,83.82,0.5,0.69
774,2020-06-25,84.709999,0.51,0.68
775,2020-06-26,84.800003,0.47,0.64
776,2020-06-29,86.330002,0.48,0.64
777,2020-06-30,87.269997,0.5,0.66
778,2020-07-01,87.349998,0.52,0.69
779,2020-07-02,87.449997,0.52,0.68
780,2020-07-06,87.699997,0.53,0.69
781,2020-07-07,85.589996,0.49,0.65
782,2020-07-08,87.18,0.51,0.67
783,2020-07-09,84.949997,0.46,0.62
784,2020-07-10,84.900002,0.49,0.65
785,2020-07-13,85.599998,0.48,0.64
786,2020-07-14,86.889999,0.49,0.63
787,2020-07-15,88.419998,0.48,0.64
788,2020-07-16,88.349998,0.46,0.62
789,2020-07-17,87.959999,0.5,0.64
790,2020-07-20,88.379997,0.46,0.62
791,2020-07-21,90.279999,0.47,0.61
792,2020-07-22,97.360001,0.46,0.60
793,2020-07-23,96.080002,0.43,0.59
794,2020-07-24,96.989998,0.45,0.59
795,2020-07-27,97.919998,0.47,0.62
796,2020-07-28,97.190002,0.45,0.59
797,2020-07-29,98.099998,0.46,0.58
798,2020-07-30,100.029999,0.44,0.55
799,2020-07-31,99.589996,0.44,0.55
800,2020-08-03,100.889999,0.45,0.56
801,2020-08-04,100.510002,0.41,0.52
802,2020-08-05,101.910004,0.44,0.55
803,2020-08-06,102.75,0.44,0.55
804,2020-08-07,102.900002,0.44,0.57
805,2020-08-10,104.220001,0.45,0.59
806,2020-08-11,104.120003,0.48,0.64
807,2020-08-12,104.980003,0.53,0.69
808,2020-08-13,107.900002,0.55,0.71
809,2020-08-14,109.489998,0.57,0.71
810,2020-08-17,110.790001,0.55,0.69
811,2020-08-18,110.519997,0.53,0.67
812,2020-08-19,111.959999,0.54,0.68
813,2020-08-20,111.699997,0.52,0.65
814,2020-08-21,114.0,0.48,0.64
815,2020-08-24,117.370003,0.51,0.65
816,2020-08-25,112.639999,0.54,0.69
817,2020-08-26,112.309998,0.53,0.69
818,2020-08-27,111.220001,0.58,0.74
819,2020-08-28,111.230003,0.6,0.74
820,2020-08-31,110.910004,0.58,0.72
821,2020-09-01,113.5,0.55,0.68
822,2020-09-02,114.019997,0.52,0.66
823,2020-09-03,108.699997,0.5,0.63
824,2020-09-04,106.309998,0.58,0.72
825,2020-09-08,105.260002,0.55,0.69
826,2020-09-09,108.849998,0.57,0.71
827,2020-09-10,107.379997,0.54,0.68
828,2020-09-11,107.110001,0.54,0.67
829,2020-09-14,107.699997,0.54,0.68
830,2020-09-15,107.959999,0.54,0.68
831,2020-09-16,107.080002,0.55,0.69
832,2020-09-17,105.629997,0.56,0.69
833,2020-09-18,105.580002,0.56,0.70
834,2020-09-21,105.970001,0.54,0.68
835,2020-09-22,107.629997,0.55,0.68
836,2020-09-23,106.489998,0.54,0.68
837,2020-09-24,104.769997,0.53,0.67
838,2020-09-25,105.970001,0.54,0.66
839,2020-09-28,108.440002,0.53,0.67
840,2020-09-29,110.080002,0.55,0.66
841,2020-09-30,111.290001,0.56,0.69
842,2020-10-01,114.089996,0.54,0.68
843,2020-10-02,112.419998,0.57,0.70
844,2020-10-05,116.07,0.64,0.78
845,2020-10-06,112.449997,0.62,0.76
846,2020-10-07,114.489998,0.65,0.81
847,2020-10-08,114.919998,0.65,0.78
848,2020-10-09,116.589996,0.63,0.79
849,2020-10-12,118.330002,.,.
850,2020-10-13,118.209999,0.58,0.74
851,2020-10-14,118.440002,0.59,0.73
852,2020-10-15,120.559998,0.6,0.74
853,2020-10-16,119.349998,0.62,0.76
854,2020-10-19,120.830002,0.62,0.78
855,2020-10-20,120.889999,0.67,0.81
856,2020-10-21,118.690002,0.69,0.83
857,2020-10-22,117.459999,0.71,0.87
858,2020-10-23,118.209999,0.67,0.85
859,2020-10-26,114.360001,0.65,0.81
860,2020-10-27,113.580002,0.63,0.79
861,2020-10-28,111.110001,0.63,0.79
862,2020-10-29,112.279999,0.69,0.85
863,2020-10-30,111.550003,0.74,0.88
864,2020-11-02,115.720001,0.71,0.87
865,2020-11-03,118.82,0.73,0.90
866,2020-11-04,119.860001,0.64,0.78
867,2020-11-05,123.059998,0.65,0.79
868,2020-11-06,123.059998,0.67,0.83
869,2020-11-09,111.0,0.79,0.96
870,2020-11-10,112.629997,0.79,0.98
871,2020-11-11,114.559998,.,.
872,2020-11-12,114.0,0.71,0.88
873,2020-11-13,114.300003,0.72,0.89
874,2020-11-16,118.650002,0.72,0.91
875,2020-11-17,119.019997,0.69,0.87
876,2020-11-18,117.769997,0.72,0.88
877,2020-11-19,118.830002,0.68,0.86
878,2020-11-20,119.139999,0.67,0.83
879,2020-11-23,122.040001,0.7,0.86
880,2020-11-24,113.540001,0.72,0.88
881,2020-11-25,113.900002,0.71,0.88
882,2020-11-27,112.629997,0.68,0.84
883,2020-11-30,108.800003,0.68,0.84
884,2020-12-01,108.860001,0.75,0.92
885,2020-12-02,107.470001,0.79,0.95
886,2020-12-03,106.540001,0.76,0.92
887,2020-12-04,105.57,0.81,0.97
888,2020-12-07,102.730003,0.8,0.94
889,2020-12-08,102.989998,0.78,0.92
890,2020-12-09,104.760002,0.79,0.95
891,2020-12-10,103.029999,0.78,0.92
892,2020-12-11,100.599998,0.79,0.90
893,2020-12-14,101.279999,0.77,0.90
894,2020-12-15,102.989998,0.81,0.92
895,2020-12-16,103.5,0.79,0.92
896,2020-12-17,102.339996,0.81,0.94
897,2020-12-18,101.949997,0.82,0.95
898,2020-12-21,103.300003,0.82,0.95
899,2020-12-22,104.129997,0.8,0.93
900,2020-12-23,102.339996,0.83,0.96
901,2020-12-24,102.550003,0.81,0.94
902,2020-12-28,102.580002,0.81,0.94
903,2020-12-29,100.760002,0.82,0.94
904,2020-12-30,101.379997,0.81,0.93
905,2020-12-31,99.790001,0.8,0.93
906,2021-01-04,100.489998,0.82,0.93
907,2021-01-05,101.0,0.83,0.96
908,2021-01-06,105.910004,0.9,1.04
909,2021-01-07,107.709999,0.94,1.08
910,2021-01-08,107.57,0.99,1.13
911,2021-01-11,110.779999,1.01,1.15
912,2021-01-12,114.709999,1.01,1.15
913,2021-01-13,113.220001,0.96,1.10
914,2021-01-14,113.919998,0.99,1.15
915,2021-01-15,114.0,0.98,1.11
916,2021-01-19,111.620003,0.96,1.10
917,2021-01-20,112.230003,0.97,1.10
918,2021-01-21,114.5,0.99,1.12
919,2021-01-22,114.93,0.97,1.10
920,2021-01-25,113.739998,0.92,1.05
921,2021-01-26,114.699997,0.94,1.05
922,2021-01-27,113.57,0.92,1.04
923,2021-01-28,112.309998,0.95,1.07
924,2021-01-29,108.82,1.0,1.11
925,2021-02-01,107.690002,0.98,1.09
926,2021-02-02,108.779999,1.01,1.12
927,2021-02-03,110.32,1.04,1.15
928,2021-02-04,113.839996,1.04,1.15
929,2021-02-05,114.529999,1.1,1.19
930,2021-02-08,117.900002,1.08,1.19
931,2021-02-09,118.459999,1.07,1.18
932,2021-02-10,118.809998,1.04,1.15
933,2021-02-11,119.589996,1.05,1.16
934,2021-02-12,120.510002,1.09,1.20
935,2021-02-16,120.75,1.17,1.30
936,2021-02-17,118.339996,1.18,1.29
937,2021-02-18,116.760002,1.18,1.29
938,2021-02-19,118.0,1.23,1.34
939,2021-02-22,116.730003,1.26,1.37
940,2021-02-23,115.5,1.26,1.37
941,2021-02-24,113.459999,1.26,1.38
942,2021-02-25,102.940002,1.37,1.54
943,2021-02-26,100.349998,1.3,1.44
944,2021-03-01,101.690002,1.32,1.45
945,2021-03-02,102.519997,1.29,1.42
946,2021-03-03,100.370003,1.33,1.47
947,2021-03-04,98.239998,1.4,1.54
948,2021-03-05,102.849998,1.42,1.56
949,2021-03-08,106.57,1.42,1.59
950,2021-03-09,105.82,1.38,1.55
951,2021-03-10,108.150002,1.37,1.53
952,2021-03-11,108.580002,1.4,1.54
953,2021-03-12,110.989998,1.5,1.64
954,2021-03-15,113.919998,1.48,1.62
955,2021-03-16,113.449997,1.47,1.62
956,2021-03-17,112.25,1.5,1.63
957,2021-03-18,113.379997,1.55,1.71
958,2021-03-19,118.190002,1.58,1.74
959,2021-03-22,120.959999,1.54,1.69
960,2021-03-23,118.809998,1.48,1.63
961,2021-03-24,114.32,1.48,1.62
962,2021-03-25,116.18,1.49,1.63
963,2021-03-26,119.260002,1.53,1.67
964,2021-03-29,114.800003,1.59,1.73
965,2021-03-30,115.720001,1.57,1.73
966,2021-03-31,114.809998,1.58,1.74
967,2021-04-01,115.760002,1.52,1.69
968,2021-04-05,117.989998,1.56,1.73
969,2021-04-06,120.739998,1.51,1.67
970,2021-04-07,120.589996,1.52,1.68
971,2021-04-08,119.620003,1.5,1.64
972,2021-04-09,122.480003,1.51,1.67
973,2021-04-12,121.559998,1.51,1.69
974,2021-04-13,120.82,1.48,1.64
975,2021-04-14,120.169998,1.48,1.64
976,2021-04-15,119.300003,1.4,1.56
977,2021-04-16,119.870003,1.43,1.59
978,2021-04-19,118.839996,1.45,1.61
979,2021-04-20,118.449997,1.43,1.58
980,2021-04-21,118.970001,1.42,1.57
981,2021-04-22,118.040001,1.41,1.57
982,2021-04-23,117.739998,1.42,1.58
983,2021-04-26,117.019997,1.4,1.58
984,2021-04-27,118.349998,1.46,1.63
985,2021-04-28,117.190002,1.46,1.63
986,2021-04-29,118.290001,1.49,1.65
987,2021-04-30,116.269997,1.49,1.65
988,2021-05-03,117.470001,1.47,1.63
989,2021-05-04,117.730003,1.45,1.61
990,2021-05-05,116.379997,1.43,1.59
991,2021-05-06,120.040001,1.42,1.58
992,2021-05-07,122.339996,1.46,1.60
993,2021-05-10,125.790001,1.47,1.63
994,2021-05-11,121.669998,1.48,1.64
995,2021-05-12,116.150002,1.53,1.69
996,2021-05-13,119.0,1.5,1.66
997,2021-05-14,120.389999,1.47,1.63
998,2021-05-17,120.110001,1.48,1.64
999,2021-05-18,116.919998,1.48,1.64
1000,2021-05-19,113.690002,1.52,1.68
1001,2021-05-20,114.519997,1.48,1.63
1002,2021-05-21,114.93,1.46,1.63
1003,2021-05-24,114.699997,1.46,1.61
1004,2021-05-25,114.419998,1.41,1.56
1005,2021-05-26,116.959999,1.44,1.58
1006,2021-05-27,118.139999,1.47,1.61
1007,2021-05-28,116.239998,1.44,1.58
1008,2021-06-01,114.900002,1.46,1.62
1009,2021-06-02,118.349998,1.46,1.59
1010,2021-06-03,115.559998,1.47,1.63
1011,2021-06-04,115.989998,1.42,1.56
1012,2021-06-07,117.099998,1.41,1.57
1013,2021-06-08,118.220001,1.39,1.53
1014,2021-06-09,114.989998,1.34,1.50
1015,2021-06-10,112.540001,1.31,1.45
1016,2021-06-11,114.449997,1.31,1.47
1017,2021-06-14,114.029999,1.35,1.51
1018,2021-06-15,113.260002,1.35,1.51
1019,2021-06-16,109.900002,1.36,1.57
1020,2021-06-17,109.5,1.29,1.52
1021,2021-06-18,107.629997,1.19,1.45
1022,2021-06-21,108.68,1.23,1.50
1023,2021-06-22,111.040001,1.23,1.48
1024,2021-06-23,111.25,1.24,1.50
1025,2021-06-24,111.379997,1.23,1.49
1026,2021-06-25,113.050003,1.26,1.54
1027,2021-06-28,114.830002,1.24,1.49
1028,2021-06-29,114.970001,1.22,1.49
1029,2021-06-30,114.980003,1.2,1.45
1030,2021-07-01,116.370003,1.23,1.48
1031,2021-07-02,115.650002,1.2,1.44
1032,2021-07-06,110.550003,1.15,1.37
1033,2021-07-07,109.75,1.11,1.33
1034,2021-07-08,108.160004,1.11,1.30
1035,2021-07-09,110.860001,1.14,1.37
1036,2021-07-12,111.25,1.15,1.38
1037,2021-07-13,109.870003,1.16,1.42
1038,2021-07-14,109.910004,1.14,1.37
1039,2021-07-15,112.0,1.08,1.31
1040,2021-07-16,110.589996,1.06,1.31
1041,2021-07-19,108.480003,0.98,1.19
1042,2021-07-20,110.610001,1.03,1.23
1043,2021-07-21,110.779999,1.08,1.30
1044,2021-07-22,109.980003,1.07,1.27
1045,2021-07-23,113.279999,1.08,1.30
1046,2021-07-26,114.830002,1.07,1.29
1047,2021-07-27,114.360001,1.05,1.25
1048,2021-07-28,113.059998,1.06,1.26
1049,2021-07-29,114.260002,1.08,1.28
1050,2021-07-30,112.349998,1.05,1.24
1051,2021-08-02,112.489998,1.03,1.20
1052,2021-08-03,114.650002,1.02,1.19
1053,2021-08-04,113.269997,1.02,1.19
1054,2021-08-05,115.370003,1.02,1.23
1055,2021-08-06,114.839996,1.1,1.31
1056,2021-08-09,112.540001,1.1,1.33
1057,2021-08-10,115.019997,1.12,1.36
1058,2021-08-11,118.059998,1.12,1.35
1059,2021-08-12,118.129997,1.13,1.36
1060,2021-08-13,113.779999,1.06,1.29
1061,2021-08-16,115.360001,1.05,1.26
1062,2021-08-17,110.75,1.03,1.26
1063,2021-08-18,110.099998,1.04,1.27
1064,2021-08-19,109.760002,1.02,1.24
1065,2021-08-20,112.629997,1.03,1.26
1066,2021-08-23,112.160004,1.02,1.25
1067,2021-08-24,121.489998,1.05,1.29
1068,2021-08-25,121.889999,1.12,1.35
1069,2021-08-26,118.089996,1.09,1.34
1070,2021-08-27,117.5,1.09,1.31
1071,2021-08-30,118.349998,1.09,1.29
1072,2021-08-31,116.510002,1.1,1.30
1073,2021-09-01,116.779999,1.11,1.31
1074,2021-09-02,116.260002,1.09,1.29
1075,2021-09-03,114.019997,1.12,1.33
1076,2021-09-07,111.5,1.16,1.38
1077,2021-09-08,110.989998,1.13,1.35
1078,2021-09-09,112.389999,1.07,1.30
1079,2021-09-10,111.349998,1.12,1.35
1080,2021-09-13,112.07,1.12,1.33
1081,2021-09-14,110.169998,1.07,1.28
1082,2021-09-15,109.269997,1.1,1.31
1083,2021-09-16,109.559998,1.11,1.34
1084,2021-09-17,109.620003,1.14,1.37
1085,2021-09-20,106.669998,1.08,1.31
1086,2021-09-21,106.889999,1.11,1.33
1087,2021-09-22,106.800003,1.07,1.32
1088,2021-09-23,106.169998,1.14,1.41
1089,2021-09-24,104.739998,1.18,1.47
1090,2021-09-27,110.18,1.17,1.48
1091,2021-09-28,109.389999,1.23,1.54
1092,2021-09-29,109.43,1.25,1.55
1093,2021-09-30,105.709999,1.24,1.52
1094,2021-10-01,105.309998,1.21,1.48
1095,2021-10-04,105.489998,1.22,1.49
1096,2021-10-05,106.370003,1.26,1.54
1097,2021-10-06,105.769997,1.23,1.53
1098,2021-10-07,107.589996,1.26,1.58
1099,2021-10-08,107.25,1.29,1.61
1100,2021-10-11,108.879997,.,.
1101,2021-10-12,109.32,1.24,1.59
1102,2021-10-13,110.779999,1.19,1.56
1103,2021-10-14,112.660004,1.16,1.52
1104,2021-10-15,113.639999,1.18,1.59
1105,2021-10-18,115.610001,1.15,1.59
1106,2021-10-19,113.940002,1.24,1.65
1107,2021-10-20,114.529999,1.25,1.65
1108,2021-10-21,117.599998,1.23,1.68
1109,2021-10-22,118.389999,1.18,1.66
1110,2021-10-25,120.480003,1.17,1.64
1111,2021-10-26,121.230003,1.16,1.63
1112,2021-10-27,118.75,1.04,1.54
1113,2021-10-28,121.120003,1.07,1.57
1114,2021-10-29,122.239998,1.07,1.55
1115,2021-11-01,123.910004,1.08,1.58
1116,2021-11-02,123.830002,1.1,1.56
1117,2021-11-03,125.099998,1.13,1.60
1118,2021-11-04,128.610001,1.12,1.53
1119,2021-11-05,129.070007,1.06,1.45
1120,2021-11-08,130.089996,1.06,1.51
1121,2021-11-09,132.940002,1.05,1.46
1122,2021-11-10,131.25,1.05,1.56
1123,2021-11-11,132.899994,.,.
1124,2021-11-12,135.630005,1.05,1.58
1125,2021-11-15,132.360001,1.1,1.63
1126,2021-11-16,134.929993,1.09,1.63
1127,2021-11-17,132.860001,1.08,1.60
1128,2021-11-18,135.610001,1.07,1.59
1129,2021-11-19,136.130005,1.02,1.54
1130,2021-11-22,138.0,1.0,1.63
1131,2021-11-23,121.010002,1.07,1.67
1132,2021-11-24,116.690002,1.0,1.64
1133,2021-11-26,114.769997,0.98,1.48
1134,2021-11-29,110.949997,1.01,1.52
1135,2021-11-30,106.860001,0.91,1.43
1136,2021-12-01,102.25,0.87,1.43
1137,2021-12-02,103.919998,0.81,1.44
1138,2021-12-03,105.870003,0.75,1.35
1139,2021-12-06,104.660004,0.78,1.43
1140,2021-12-07,106.68,0.78,1.48
1141,2021-12-08,106.93,0.84,1.52
1142,2021-12-09,104.379997,0.79,1.49
1143,2021-12-10,103.82,0.81,1.48
1144,2021-12-13,100.239998,0.76,1.42
1145,2021-12-14,101.370003,0.77,1.44
1146,2021-12-15,102.489998,0.78,1.47
1147,2021-12-16,100.220001,0.8,1.44
1148,2021-12-17,100.029999,0.75,1.41
1149,2021-12-20,95.769997,0.78,1.43
1150,2021-12-21,97.480003,0.78,1.48
1151,2021-12-22,97.370003,0.78,1.46
1152,2021-12-23,98.080002,0.79,1.50
1153,2021-12-27,99.080002,0.72,1.48
1154,2021-12-28,99.519997,0.75,1.49
1155,2021-12-29,100.860001,0.8,1.55
1156,2021-12-30,101.550003,0.79,1.52
1157,2021-12-31,101.599998,0.79,1.52
1158,2022-01-03,102.120003,0.85,1.63
1159,2022-01-04,105.139999,0.89,1.66
1160,2022-01-05,103.0,0.88,1.71
1161,2022-01-06,102.879997,0.85,1.73
1162,2022-01-07,102.5,0.89,1.76
1163,2022-01-10,102.75,0.86,1.78
1164,2022-01-11,104.089996,0.85,1.75
1165,2022-01-12,102.68,0.82,1.74
1166,2022-01-13,102.599998,0.79,1.70
1167,2022-01-14,100.040001,0.79,1.78
1168,2022-01-18,98.639999,0.81,1.87
1169,2022-01-19,99.349998,0.79,1.83
1170,2022-01-20,94.900002,0.75,1.83
1171,2022-01-21,96.449997,0.74,1.75
1172,2022-01-24,101.379997,0.76,1.75
1173,2022-01-25,98.029999,0.76,1.78
1174,2022-01-26,96.919998,0.72,1.85
1175,2022-01-27,96.099998,0.63,1.81
1176,2022-01-28,97.639999,0.63,1.78
1177,2022-01-31,99.279999,0.61,1.79
1178,2022-02-01,100.449997,0.63,1.81
1179,2022-02-02,99.050003,0.62,1.78
1180,2022-02-03,97.099998,0.63,1.82
1181,2022-02-04,96.830002,0.62,1.93
1182,2022-02-07,97.580002,0.62,1.92
1183,2022-02-08,99.459999,0.61,1.96
1184,2022-02-09,102.220001,0.58,1.94
1185,2022-02-10,100.470001,0.42,2.03
1186,2022-02-11,100.57,0.42,1.92
1187,2022-02-14,100.639999,0.4,1.98
1188,2022-02-15,102.190002,0.47,2.05
1189,2022-02-16,99.629997,0.51,2.03
1190,2022-02-17,98.629997,0.48,1.97
1191,2022-02-18,97.709999,0.45,1.92
1192,2022-02-22,90.550003,0.38,1.94
1193,2022-02-23,88.629997,0.41,1.99
1194,2022-02-24,91.580002,0.42,1.96
1195,2022-02-25,95.830002,0.42,1.97
1196,2022-02-28,96.639999,0.39,1.83
1197,2022-03-01,97.18,0.41,1.72
1198,2022-03-02,100.839996,0.36,1.86
1199,2022-03-03,110.139999,0.33,1.86
1200,2022-03-04,106.099998,0.24,1.74
1201,2022-03-07,104.709999,0.23,1.78
1202,2022-03-08,101.129997,0.23,1.86
1203,2022-03-09,101.739998,0.26,1.94
1204,2022-03-10,98.660004,0.26,1.98
1205,2022-03-11,94.589996,0.25,2.00
1206,2022-03-14,94.639999,0.27,2.14
1207,2022-03-15,99.059998,0.3,2.15
1208,2022-03-16,98.839996,0.24,2.19
1209,2022-03-17,99.290001,0.26,2.20
1210,2022-03-18,101.839996,0.17,2.14
1211,2022-03-21,99.040001,0.18,2.32
1212,2022-03-22,99.300003,0.2,2.38
1213,2022-03-23,96.589996,0.19,2.32
1214,2022-03-24,96.709999,0.21,2.34
1215,2022-03-25,96.300003,0.18,2.48
1216,2022-03-28,96.730003,0.11,2.46
1217,2022-03-29,100.75,0.06,2.41
1218,2022-03-30,96.43,0.04,2.35
1219,2022-03-31,90.900002,0.04,2.32
1220,2022-04-01,90.379997,-0.05,2.39
1221,2022-04-04,94.339996,-0.01,2.42
1222,2022-04-05,92.519997,0.03,2.54
1223,2022-04-06,91.059998,0.11,2.61
1224,2022-04-07,92.07,0.19,2.66
1225,2022-04-08,93.360001,0.19,2.72
1226,2022-04-11,94.160004,0.29,2.79
1227,2022-04-12,93.230003,0.33,2.72
1228,2022-04-13,95.230003,0.33,2.70
1229,2022-04-14,93.839996,0.36,2.83
1230,2022-04-18,93.480003,0.39,2.85
1231,2022-04-19,95.57,0.32,2.93
1232,2022-04-20,94.400002,0.25,2.85
1233,2022-04-21,93.639999,0.22,2.90
1234,2022-04-22,91.279999,0.18,2.90
1235,2022-04-25,93.07,0.18,2.81
1236,2022-04-26,92.830002,0.23,2.77
1237,2022-04-27,93.029999,0.24,2.82
1238,2022-04-28,93.580002,0.22,2.85
1239,2022-04-29,89.93,0.19,2.89
1240,2022-05-02,93.809998,0.26,2.99
1241,2022-05-03,94.650002,0.19,2.97
1242,2022-05-04,97.790001,0.27,2.93
1243,2022-05-05,92.209999,0.34,3.05
1244,2022-05-06,91.410004,0.4,3.12
1245,2022-05-09,91.080002,0.44,3.05
1246,2022-05-10,88.739998,0.37,2.99
1247,2022-05-11,83.790001,0.25,2.91
1248,2022-05-12,87.360001,0.28,2.84
1249,2022-05-13,86.360001,0.32,2.93
1250,2022-05-16,84.769997,0.3,2.88
1251,2022-05-17,84.5,0.27,2.98
1252,2022-05-18,75.620003,0.21,2.89
1253,2022-05-19,73.32,0.21,2.84
1254,2022-05-20,72.360001,0.18,2.78
1255,2022-05-23,72.589996,0.21,2.86
1256,2022-05-24,73.470001,0.26,2.76
1257,2022-05-25,80.059998,0.27,2.75
1258,2022-05-26,82.050003,0.29,2.75
1259,2022-05-27,83.989998,0.27,2.74
1260,2022-05-31,82.059998,0.32,2.85
1261,2022-06-01,80.080002,0.28,2.94
1262,2022-06-02,81.260002,0.27,2.92
1263,2022-06-03,80.389999,0.3,2.96
1264,2022-06-06,79.269997,0.31,3.04
1265,2022-06-07,78.349998,0.23,2.98
1266,2022-06-08,77.120003,0.25,3.03
1267,2022-06-09,74.93,0.21,3.04
1268,2022-06-10,72.599998,0.09,3.15
1269,2022-06-13,69.449997,0.03,3.43
1270,2022-06-14,70.589996,0.04,3.49
1271,2022-06-15,71.760002,0.13,3.33
1272,2022-06-16,68.480003,0.14,3.28
1273,2022-06-17,70.510002,0.08,3.25
1274,2022-06-21,70.470001,0.1,3.31
1275,2022-06-22,69.879997,0.1,3.16
1276,2022-06-23,71.290001,0.08,3.09
1277,2022-06-24,74.690002,0.09,3.13
1278,2022-06-27,72.139999,0.12,3.20
1279,2022-06-28,68.849998,0.1,3.20
1280,2022-06-29,67.150002,0.04,3.10
1281,2022-06-30,65.190002,0.06,2.98
1282,2022-07-01,66.769997,0.04,2.88
1283,2022-07-05,69.980003,0.0,2.82
1284,2022-07-06,68.519997,-0.04,2.93
1285,2022-07-07,70.889999,-0.02,3.01
1286,2022-07-08,71.169998,-0.03,3.09
1287,2022-07-11,69.910004,-0.08,2.99
1288,2022-07-12,70.419998,-0.07,2.96
1289,2022-07-13,71.290001,-0.22,2.91
1290,2022-07-14,71.139999,-0.19,2.96
1291,2022-07-15,72.470001,-0.2,2.93
1292,2022-07-18,73.339996,-0.19,2.96
1293,2022-07-19,75.970001,-0.22,3.01
1294,2022-07-20,78.120003,-0.21,3.04
1295,2022-07-21,78.199997,-0.19,2.91
1296,2022-07-22,76.800003,-0.21,2.77
1297,2022-07-25,75.839996,-0.19,2.81
1298,2022-07-26,72.010002,-0.21,2.81
1299,2022-07-27,74.489998,-0.18,2.78
1300,2022-07-28,77.989998,-0.17,2.68
1301,2022-07-29,76.989998,-0.22,2.67
